-- Veterinaria Patitas - Esquema de base de datos
-- SC502 - Proyecto Administración Web Cliente/Servidor

-- =====================================================
-- CREACIÓN DE TABLAS
-- =====================================================

-- TABLA: ESTADO
CREATE TABLE ESTADO (
    ESTADO_ID_PK INT PRIMARY KEY,
    DESCRIPCION VARCHAR(50) NOT NULL
);

-- TABLA: ROL (3 registros)
CREATE TABLE ROL (
    ROL_ID_PK INT PRIMARY KEY,
    DESCRIPCION VARCHAR(50) NOT NULL
);

-- TABLA: USUARIO
CREATE TABLE USUARIO (
    USUARIO_ID_PK INT PRIMARY KEY,
    ESTADO_ID_FK INT,
    ROL_FK INT,
    EMAIL VARCHAR(100) UNIQUE NOT NULL,
    CONTRASENA VARCHAR(255) NOT NULL,
    FOREIGN KEY (ESTADO_ID_FK) REFERENCES ESTADO(ESTADO_ID_PK),
    FOREIGN KEY (ROL_FK) REFERENCES ROL(ROL_ID_PK)
);

-- TABLA: DIRECCION
CREATE TABLE DIRECCION (
    DIRECCION_ID_PK INT PRIMARY KEY,
    CANTON VARCHAR(100) NOT NULL,
    DISTRITO VARCHAR(100) NOT NULL,
    DIRECCION_EXACTA VARCHAR(255) NOT NULL
);

-- TABLA: CLIENTE
CREATE TABLE CLIENTE (
    CLIENTE_ID_PK INT PRIMARY KEY,
    USUARIO_ID_FK INT,
    DIRECCION_ID_FK INT,
    NOMBRE VARCHAR(50) NOT NULL,
    APELLIDO_1 VARCHAR(50) NOT NULL,
    APELLIDO_2 VARCHAR(50),
    TELEFONO VARCHAR(20),
    FOREIGN KEY (USUARIO_ID_FK) REFERENCES USUARIO(USUARIO_ID_PK),
    FOREIGN KEY (DIRECCION_ID_FK) REFERENCES DIRECCION(DIRECCION_ID_PK)
);

-- TABLA: ESPECIE
CREATE TABLE ESPECIE (
    ESPECIE_ID_PK INT PRIMARY KEY,
    ESPECIE VARCHAR(50) NOT NULL
);

-- TABLA: RAZA
CREATE TABLE RAZA (
    RAZA_ID_PK INT PRIMARY KEY,
    ESPECIE_ID_FK INT,
    NOMBRE VARCHAR(50) NOT NULL,
    FOREIGN KEY (ESPECIE_ID_FK) REFERENCES ESPECIE(ESPECIE_ID_PK)
);

-- TABLA: ANIMAL
CREATE TABLE ANIMAL (
    ANIMAL_ID_PK INT PRIMARY KEY,
    RAZATB_ID_FK INT,
    ESTADO_ID_FK INT,
    CLIENTE_ID_FK INT,
    NOMBRE VARCHAR(50) NOT NULL,
    PESO DECIMAL(5,2),
    EDAD INT,
    SEXO CHAR(1),
    OBSERVACIONES TEXT,
    FOREIGN KEY (RAZATB_ID_FK) REFERENCES RAZA(RAZA_ID_PK),
    FOREIGN KEY (ESTADO_ID_FK) REFERENCES ESTADO(ESTADO_ID_PK),
    FOREIGN KEY (CLIENTE_ID_FK) REFERENCES CLIENTE(CLIENTE_ID_PK)
);

-- TABLA: TIPO_DE_CITA
CREATE TABLE TIPO_DE_CITA (
    TIPO_DE_CITA_ID_PK INT PRIMARY KEY,
    DESCRIPCION VARCHAR(100) NOT NULL
);

-- TABLA: VETERINARIO (3 registros)
CREATE TABLE VETERINARIO (
    VETERINARIO_ID_PK INT PRIMARY KEY,
    USUARIO_ID_FK INT,
    DIRECCION_ID_FK INT,
    NOMBRE VARCHAR(50) NOT NULL,
    PRIMER_APELLIDO VARCHAR(50) NOT NULL,
    SEGUNDO_APELLIDO VARCHAR(50),
    TELEFONO VARCHAR(20),
    ESPECIALIDAD VARCHAR(100),
    FOREIGN KEY (USUARIO_ID_FK) REFERENCES USUARIO(USUARIO_ID_PK),
    FOREIGN KEY (DIRECCION_ID_FK) REFERENCES DIRECCION(DIRECCION_ID_PK)
);

-- TABLA: CITA
CREATE TABLE CITA (
    CITA_ID_PK INT PRIMARY KEY,
    ANIMAL_ID_FK INT,
    ESTADO_ID_FK INT,
    VETERINARIO_ID_FK INT,
    TIPO_DE_CITA_ID_FK INT,
    FECHA DATE NOT NULL,
    HORA_DE_INICIO TIME NOT NULL,
    HORA_DE_FINALIZACION TIME,
    NOTAS_VETERINARIO TEXT,
    FOREIGN KEY (ANIMAL_ID_FK) REFERENCES ANIMAL(ANIMAL_ID_PK),
    FOREIGN KEY (ESTADO_ID_FK) REFERENCES ESTADO(ESTADO_ID_PK),
    FOREIGN KEY (VETERINARIO_ID_FK) REFERENCES VETERINARIO(VETERINARIO_ID_PK),
    FOREIGN KEY (TIPO_DE_CITA_ID_FK) REFERENCES TIPO_DE_CITA(TIPO_DE_CITA_ID_PK)
);

-- TABLA: SERVICIO
CREATE TABLE SERVICIO (
    SERVICIO_ID_PK INT PRIMARY KEY,
    ESTADOTB_ID_FK INT,
    NOMBRE VARCHAR(100) NOT NULL,
    DESCRIPCION TEXT,
    PRECIO DECIMAL(10,2) NOT NULL,
    DURACION INT COMMENT 'Duración en minutos',
    FOREIGN KEY (ESTADOTB_ID_FK) REFERENCES ESTADO(ESTADO_ID_PK)
);

-- TABLA INTERMEDIA: SERVICIOS_POR_CITA
CREATE TABLE SERVICIOS_POR_CITA (
    CITA_ID_FK INT,
    SERVICIO_ID_FK INT,
    PRIMARY KEY (CITA_ID_FK, SERVICIO_ID_FK),
    FOREIGN KEY (CITA_ID_FK) REFERENCES CITA(CITA_ID_PK),
    FOREIGN KEY (SERVICIO_ID_FK) REFERENCES SERVICIO(SERVICIO_ID_PK)
);

-- TABLA: FACTURA
CREATE TABLE FACTURA (
    FACTURA_ID_PK INT PRIMARY KEY,
    CITA_ID_FK INT,
    ESTADO_ID_FK INT,
    TOTAL_A_COBRAR DECIMAL(10,2) NOT NULL,
    FECHA_EMISION DATETIME NOT NULL,
    FOREIGN KEY (CITA_ID_FK) REFERENCES CITA(CITA_ID_PK),
    FOREIGN KEY (ESTADO_ID_FK) REFERENCES ESTADO(ESTADO_ID_PK)
);

-- TABLA: METODO_PAGO (5 registros)
CREATE TABLE METODO_PAGO (
    METODOPAGO_ID_PK INT PRIMARY KEY,
    METODO VARCHAR(50) NOT NULL
);

-- TABLA: PAGO
CREATE TABLE PAGO (
    PAGO_ID_PK INT PRIMARY KEY,
    ESTADO_ID_FK INT,
    FACTURA_ID_FK INT,
    METODOPAGO_ID_FK INT,
    CITA_ID_FK INT,
    MONTO_TOTAL DECIMAL(10,2) NOT NULL,
    FECHA_DE_PAGO DATETIME NOT NULL,
    FOREIGN KEY (ESTADO_ID_FK) REFERENCES ESTADO(ESTADO_ID_PK),
    FOREIGN KEY (FACTURA_ID_FK) REFERENCES FACTURA(FACTURA_ID_PK),
    FOREIGN KEY (METODOPAGO_ID_FK) REFERENCES METODO_PAGO(METODOPAGO_ID_PK),
    FOREIGN KEY (CITA_ID_FK) REFERENCES CITA(CITA_ID_PK)
);

-- TABLA: TIPO_DE_MEDICAMENTO
CREATE TABLE TIPO_DE_MEDICAMENTO (
    TIPO_DE_MEDICAMENTO_PK INT PRIMARY KEY,
    ESTADO_ID_FK INT,
    DESCRIPCION VARCHAR(100) NOT NULL,
    FOREIGN KEY (ESTADO_ID_FK) REFERENCES ESTADO(ESTADO_ID_PK)
);

-- TABLA: MEDICAMENTO
CREATE TABLE MEDICAMENTO (
    MEDICAMENTO_CODIGO_PK INT PRIMARY KEY,
    ESTADO_ID_FK INT,
    TIPO_DE_MEDICAMENTO_FK INT,
    NOMBRE VARCHAR(100) NOT NULL,
    CANTIDAD_DISPONIBLE INT NOT NULL,
    FOREIGN KEY (ESTADO_ID_FK) REFERENCES ESTADO(ESTADO_ID_PK),
    FOREIGN KEY (TIPO_DE_MEDICAMENTO_FK) REFERENCES TIPO_DE_MEDICAMENTO(TIPO_DE_MEDICAMENTO_PK)
);

-- =====================================================
-- INSERTS (mínimo 10 por tabla)
-- =====================================================

-- INSERTS para ESTADO (10 registros)
INSERT INTO ESTADO VALUES (1, 'Activo');
INSERT INTO ESTADO VALUES (2, 'Inactivo');
INSERT INTO ESTADO VALUES (3, 'Pendiente');
INSERT INTO ESTADO VALUES (4, 'Completado');
INSERT INTO ESTADO VALUES (5, 'Cancelado');
INSERT INTO ESTADO VALUES (6, 'En Proceso');
INSERT INTO ESTADO VALUES (7, 'Pagado');
INSERT INTO ESTADO VALUES (8, 'No Pagado');
INSERT INTO ESTADO VALUES (9, 'En Tratamiento');
INSERT INTO ESTADO VALUES (10, 'Dado de Baja');

-- INSERTS para ROL (3 registros)
INSERT INTO ROL VALUES (1, 'Administrador');
INSERT INTO ROL VALUES (2, 'Veterinario');
INSERT INTO ROL VALUES (3, 'Cliente');

-- INSERTS para USUARIO (13 registros para cubrir clientes y veterinarios)
INSERT INTO USUARIO VALUES (1, 1, 1, 'admin@veterinaria.com', '$2a$10$encrypted123456');
INSERT INTO USUARIO VALUES (2, 1, 2, 'dra.lopez@veterinaria.com', '$2a$10$encrypted123457');
INSERT INTO USUARIO VALUES (3, 1, 2, 'dr.martinez@veterinaria.com', '$2a$10$encrypted123458');
INSERT INTO USUARIO VALUES (4, 1, 2, 'dra.rodriguez@veterinaria.com', '$2a$10$encrypted123459');
INSERT INTO USUARIO VALUES (5, 1, 3, 'carlos.perez@gmail.com', '$2a$10$encrypted123460');
INSERT INTO USUARIO VALUES (6, 1, 3, 'maria.rodriguez@gmail.com', '$2a$10$encrypted123461');
INSERT INTO USUARIO VALUES (7, 1, 3, 'jose.mora@gmail.com', '$2a$10$encrypted123462');
INSERT INTO USUARIO VALUES (8, 1, 3, 'laura.castro@gmail.com', '$2a$10$encrypted123463');
INSERT INTO USUARIO VALUES (9, 1, 3, 'ana.solano@gmail.com', '$2a$10$encrypted123464');
INSERT INTO USUARIO VALUES (10, 1, 3, 'luis.navarro@gmail.com', '$2a$10$encrypted123465');
INSERT INTO USUARIO VALUES (11, 1, 3, 'roxana.chinchilla@gmail.com', '$2a$10$encrypted123466');
INSERT INTO USUARIO VALUES (12, 1, 3, 'fernando.quesada@gmail.com', '$2a$10$encrypted123467');
INSERT INTO USUARIO VALUES (13, 1, 3, 'monica.cordoba@gmail.com', '$2a$10$encrypted123468');

-- INSERTS para DIRECCION (10 registros)
INSERT INTO DIRECCION VALUES (1, 'San José', 'Escazú', 'Condominio Plaza Real, casa 5');
INSERT INTO DIRECCION VALUES (2, 'Alajuela', 'San Rafael', 'Barrio Los Ángeles, calle 2');
INSERT INTO DIRECCION VALUES (3, 'Cartago', 'Oriental', 'Avenida Central, edificio 123');
INSERT INTO DIRECCION VALUES (4, 'Heredia', 'San Pablo', 'Urbanización Montecitos, casa 12');
INSERT INTO DIRECCION VALUES (5, 'Guanacaste', 'Liberia', 'Barrio El Carmen, calle principal');
INSERT INTO DIRECCION VALUES (6, 'Puntarenas', 'Jacó', 'Calle Bohío, condominio del Mar');
INSERT INTO DIRECCION VALUES (7, 'Limón', 'Limón', 'Barrio Los Baños, avenida 4');
INSERT INTO DIRECCION VALUES (8, 'San José', 'Curridabat', 'Residencial La Loma, casa 8');
INSERT INTO DIRECCION VALUES (9, 'Alajuela', 'San Ramón', 'Barrio San José, calle 8');
INSERT INTO DIRECCION VALUES (10, 'Cartago', 'Paraíso', 'Condominio El Roble, casa 20');

-- INSERTS para CLIENTE (10 registros)
INSERT INTO CLIENTE VALUES (1, 5, 1, 'Carlos', 'Pérez', 'González', '8855-1234');
INSERT INTO CLIENTE VALUES (2, 6, 2, 'María', 'Rodríguez', 'Fernández', '8877-5678');
INSERT INTO CLIENTE VALUES (3, 7, 3, 'José', 'Mora', 'Castro', '8899-9012');
INSERT INTO CLIENTE VALUES (4, 8, 4, 'Laura', 'Castro', 'Vargas', '8811-3456');
INSERT INTO CLIENTE VALUES (5, 9, 5, 'Ana', 'Solano', 'Chacón', '8833-7890');
INSERT INTO CLIENTE VALUES (6, 10, 6, 'Luis', 'Navarro', 'Ulate', '8855-2345');
INSERT INTO CLIENTE VALUES (7, 11, 7, 'Roxana', 'Chinchilla', NULL, '8877-6789');
INSERT INTO CLIENTE VALUES (8, 12, 8, 'Fernando', 'Quesada', 'Loría', '8899-0123');
INSERT INTO CLIENTE VALUES (9, 13, 9, 'Mónica', 'Córdoba', 'Rojas', '8811-4567');
INSERT INTO CLIENTE VALUES (10, NULL, 10, 'Randall', 'Sancho', 'Calvo', '8833-8901');

-- INSERTS para ESPECIE (10 registros)
INSERT INTO ESPECIE VALUES (1, 'Perro');
INSERT INTO ESPECIE VALUES (2, 'Gato');
INSERT INTO ESPECIE VALUES (3, 'Conejo');
INSERT INTO ESPECIE VALUES (4, 'Hamster');
INSERT INTO ESPECIE VALUES (5, 'Loro');
INSERT INTO ESPECIE VALUES (6, 'Tortuga');
INSERT INTO ESPECIE VALUES (7, 'Cerdo');
INSERT INTO ESPECIE VALUES (8, 'Hurón');
INSERT INTO ESPECIE VALUES (9, 'Cobaya');
INSERT INTO ESPECIE VALUES (10, 'Pez');

-- INSERTS para RAZA (10 registros)
INSERT INTO RAZA VALUES (1, 1, 'Labrador');
INSERT INTO RAZA VALUES (2, 1, 'Poodle');
INSERT INTO RAZA VALUES (3, 1, 'Pastor Alemán');
INSERT INTO RAZA VALUES (4, 2, 'Persa');
INSERT INTO RAZA VALUES (5, 2, 'Siamés');
INSERT INTO RAZA VALUES (6, 2, 'Maine Coon');
INSERT INTO RAZA VALUES (7, 3, 'Holland Lop');
INSERT INTO RAZA VALUES (8, 4, 'Sirio Dorado');
INSERT INTO RAZA VALUES (9, 5, 'Cacatúa');
INSERT INTO RAZA VALUES (10, 6, 'Tortuga de Tierra');

-- INSERTS para ANIMAL (10 registros)
INSERT INTO ANIMAL VALUES (1, 1, 1, 1, 'Max', 25.5, 3, 'M', 'Muy juguetón');
INSERT INTO ANIMAL VALUES (2, 2, 1, 1, 'Luna', 5.2, 2, 'F', 'Alérgica al pollo');
INSERT INTO ANIMAL VALUES (3, 3, 1, 2, 'Thor', 35.0, 5, 'M', 'Bueno con niños');
INSERT INTO ANIMAL VALUES (4, 4, 1, 2, 'Simba', 4.8, 4, 'M', 'Castrado');
INSERT INTO ANIMAL VALUES (5, 5, 1, 3, 'Nala', 3.5, 1, 'F', 'En celo');
INSERT INTO ANIMAL VALUES (6, 6, 1, 3, 'Garfield', 7.2, 6, 'M', 'Obeso, necesita dieta');
INSERT INTO ANIMAL VALUES (7, 7, 1, 4, 'Copito', 2.0, 1, 'M', NULL);
INSERT INTO ANIMAL VALUES (8, 8, 1, 5, 'Pekes', 0.2, 1, 'M', NULL);
INSERT INTO ANIMAL VALUES (9, 9, 1, 6, 'Pancho', 0.5, 3, 'M', 'Habla palabras simples');
INSERT INTO ANIMAL VALUES (10, 10, 1, 7, 'Manuelita', 1.5, 8, 'F', 'En hibernación parcial');

-- INSERTS para TIPO_DE_CITA (10 registros)
INSERT INTO TIPO_DE_CITA VALUES (1, 'Consulta General');
INSERT INTO TIPO_DE_CITA VALUES (2, 'Vacunación');
INSERT INTO TIPO_DE_CITA VALUES (3, 'Cirugía');
INSERT INTO TIPO_DE_CITA VALUES (4, 'Urgencias');
INSERT INTO TIPO_DE_CITA VALUES (5, 'Seguimiento');
INSERT INTO TIPO_DE_CITA VALUES (6, 'Desparasitación');
INSERT INTO TIPO_DE_CITA VALUES (7, 'Baño y Peluquería');
INSERT INTO TIPO_DE_CITA VALUES (8, 'Odontología');
INSERT INTO TIPO_DE_CITA VALUES (9, 'Ecografía');
INSERT INTO TIPO_DE_CITA VALUES (10, 'Radiografía');

-- INSERTS para VETERINARIO (3 registros)
INSERT INTO VETERINARIO VALUES (1, 2, 1, 'Ana', 'López', 'Pérez', '7711-2233', 'Medicina Interna');
INSERT INTO VETERINARIO VALUES (2, 3, 2, 'Carlos', 'Martínez', 'Rodríguez', '7722-3344', 'Cirugía');
INSERT INTO VETERINARIO VALUES (3, 4, 3, 'Laura', 'Rodríguez', 'Gómez', '7733-4455', 'Dermatología');

-- INSERTS para CITA (10 registros)
INSERT INTO CITA VALUES (1, 1, 4, 1, 1, '2024-01-15', '09:00:00', '09:30:00', 'Paciente sano, vacunas al día');
INSERT INTO CITA VALUES (2, 2, 4, 1, 2, '2024-01-20', '10:00:00', '10:20:00', 'Vacuna antirrábica aplicada');
INSERT INTO CITA VALUES (3, 3, 4, 2, 1, '2024-01-25', '11:00:00', '11:45:00', 'Presenta dermatitis atópica');
INSERT INTO CITA VALUES (4, 4, 5, 2, 3, '2024-02-01', '14:00:00', '15:30:00', 'Cirugía de castración cancelada');
INSERT INTO CITA VALUES (5, 5, 4, 3, 4, '2024-02-05', '15:00:00', '15:45:00', 'Vómito y diarrea, se hospitaliza');
INSERT INTO CITA VALUES (6, 6, 4, 3, 6, '2024-02-10', '08:30:00', '08:50:00', 'Desparasitación interna y externa');
INSERT INTO CITA VALUES (7, 7, 3, 1, 7, '2024-02-15', '09:30:00', NULL, 'Cliente no se presentó');
INSERT INTO CITA VALUES (8, 8, 4, 2, 8, '2024-02-20', '10:30:00', '11:00:00', 'Limpieza dental, sarro moderado');
INSERT INTO CITA VALUES (9, 9, 4, 3, 9, '2024-02-25', '11:30:00', '12:00:00', 'Ecografía abdominal normal');
INSERT INTO CITA VALUES (10, 10, 4, 1, 10, '2024-03-01', '13:00:00', '13:30:00', 'Fractura en miembro anterior');

-- INSERTS para SERVICIO (10 registros)
INSERT INTO SERVICIO VALUES (1, 1, 'Consulta General', 'Revisión médica completa', 25000.00, 30);
INSERT INTO SERVICIO VALUES (2, 1, 'Vacuna Antirrábica', 'Vacuna contra la rabia', 15000.00, 15);
INSERT INTO SERVICIO VALUES (3, 1, 'Desparasitación', 'Desparasitación interna y externa', 12000.00, 20);
INSERT INTO SERVICIO VALUES (4, 1, 'Cirugía de Castración', 'Procedimiento quirúrgico', 85000.00, 90);
INSERT INTO SERVICIO VALUES (5, 1, 'Limpieza Dental', 'Limpieza y pulido dental', 65000.00, 45);
INSERT INTO SERVICIO VALUES (6, 1, 'Baño Medicado', 'Baño con productos especializados', 20000.00, 60);
INSERT INTO SERVICIO VALUES (7, 1, 'Corte de Uñas', 'Corte de uñas profesional', 8000.00, 15);
INSERT INTO SERVICIO VALUES (8, 1, 'Ecografía', 'Estudio de imagen', 55000.00, 30);
INSERT INTO SERVICIO VALUES (9, 1, 'Radiografía', 'Radiografía digital', 45000.00, 20);
INSERT INTO SERVICIO VALUES (10, 1, 'Consulta de Urgencias', 'Atención inmediata', 40000.00, 45);

-- INSERTS para SERVICIOS_POR_CITA (10 registros)
INSERT INTO SERVICIOS_POR_CITA VALUES (1, 1);
INSERT INTO SERVICIOS_POR_CITA VALUES (2, 2);
INSERT INTO SERVICIOS_POR_CITA VALUES (3, 1);
INSERT INTO SERVICIOS_POR_CITA VALUES (3, 3);
INSERT INTO SERVICIOS_POR_CITA VALUES (4, 4);
INSERT INTO SERVICIOS_POR_CITA VALUES (5, 10);
INSERT INTO SERVICIOS_POR_CITA VALUES (6, 3);
INSERT INTO SERVICIOS_POR_CITA VALUES (7, 6);
INSERT INTO SERVICIOS_POR_CITA VALUES (7, 7);
INSERT INTO SERVICIOS_POR_CITA VALUES (8, 5);

-- INSERTS para FACTURA (10 registros)
INSERT INTO FACTURA VALUES (1, 1, 7, 25000.00, '2024-01-15 09:35:00');
INSERT INTO FACTURA VALUES (2, 2, 7, 15000.00, '2024-01-20 10:25:00');
INSERT INTO FACTURA VALUES (3, 3, 7, 37000.00, '2024-01-25 11:50:00');
INSERT INTO FACTURA VALUES (4, 4, 8, 85000.00, '2024-02-01 14:00:00');
INSERT INTO FACTURA VALUES (5, 5, 7, 40000.00, '2024-02-05 16:00:00');
INSERT INTO FACTURA VALUES (6, 6, 7, 12000.00, '2024-02-10 09:00:00');
INSERT INTO FACTURA VALUES (7, 7, 8, 28000.00, '2024-02-15 09:30:00');
INSERT INTO FACTURA VALUES (8, 8, 7, 65000.00, '2024-02-20 11:05:00');
INSERT INTO FACTURA VALUES (9, 9, 7, 55000.00, '2024-02-25 12:10:00');
INSERT INTO FACTURA VALUES (10, 10, 7, 45000.00, '2024-03-01 13:40:00');

-- INSERTS para METODO_PAGO (5 registros)
INSERT INTO METODO_PAGO VALUES (1, 'Efectivo');
INSERT INTO METODO_PAGO VALUES (2, 'Tarjeta de Crédito');
INSERT INTO METODO_PAGO VALUES (3, 'Tarjeta de Débito');
INSERT INTO METODO_PAGO VALUES (4, 'Sinpe Móvil');
INSERT INTO METODO_PAGO VALUES (5, 'Transferencia Bancaria');

-- INSERTS para PAGO (10 registros)
INSERT INTO PAGO VALUES (1, 7, 1, 1, 1, 25000.00, '2024-01-15 09:40:00');
INSERT INTO PAGO VALUES (2, 7, 2, 2, 2, 15000.00, '2024-01-20 10:30:00');
INSERT INTO PAGO VALUES (3, 7, 3, 4, 3, 37000.00, '2024-01-25 11:55:00');
INSERT INTO PAGO VALUES (4, 8, 4, 1, 4, 85000.00, '2024-02-01 14:05:00');
INSERT INTO PAGO VALUES (5, 7, 5, 3, 5, 40000.00, '2024-02-05 16:10:00');
INSERT INTO PAGO VALUES (6, 7, 6, 1, 6, 12000.00, '2024-02-10 09:10:00');
INSERT INTO PAGO VALUES (7, 8, 7, 2, 7, 28000.00, '2024-02-15 09:35:00');
INSERT INTO PAGO VALUES (8, 7, 8, 4, 8, 65000.00, '2024-02-20 11:15:00');
INSERT INTO PAGO VALUES (9, 7, 9, 5, 9, 55000.00, '2024-02-25 12:20:00');
INSERT INTO PAGO VALUES (10, 7, 10, 1, 10, 45000.00, '2024-03-01 13:50:00');

-- INSERTS para TIPO_DE_MEDICAMENTO (10 registros)
INSERT INTO TIPO_DE_MEDICAMENTO VALUES (1, 1, 'Antibiótico');
INSERT INTO TIPO_DE_MEDICAMENTO VALUES (2, 1, 'Antiinflamatorio');
INSERT INTO TIPO_DE_MEDICAMENTO VALUES (3, 1, 'Analgésico');
INSERT INTO TIPO_DE_MEDICAMENTO VALUES (4, 1, 'Antiparasitario');
INSERT INTO TIPO_DE_MEDICAMENTO VALUES (5, 1, 'Vacuna');
INSERT INTO TIPO_DE_MEDICAMENTO VALUES (6, 1, 'Vitaminas');
INSERT INTO TIPO_DE_MEDICAMENTO VALUES (7, 1, 'Antifúngico');
INSERT INTO TIPO_DE_MEDICAMENTO VALUES (8, 1, 'Antihistamínico');
INSERT INTO TIPO_DE_MEDICAMENTO VALUES (9, 1, 'Ansiolítico');
INSERT INTO TIPO_DE_MEDICAMENTO VALUES (10, 1, 'Suplemento');

-- INSERTS para MEDICAMENTO (10 registros)
INSERT INTO MEDICAMENTO VALUES (1, 1, 1, 'Amoxicilina', 150);
INSERT INTO MEDICAMENTO VALUES (2, 1, 2, 'Meloxicam', 80);
INSERT INTO MEDICAMENTO VALUES (3, 1, 3, 'Tramadol', 50);
INSERT INTO MEDICAMENTO VALUES (4, 1, 4, 'Ivermectina', 200);
INSERT INTO MEDICAMENTO VALUES (5, 1, 5, 'Vacuna Triple Felina', 45);
INSERT INTO MEDICAMENTO VALUES (6, 1, 5, 'Vacuna Antirrábica', 60);
INSERT INTO MEDICAMENTO VALUES (7, 1, 6, 'NutriVet Multivitamínico', 100);
INSERT INTO MEDICAMENTO VALUES (8, 1, 7, 'Ketoconazol', 75);
INSERT INTO MEDICAMENTO VALUES (9, 1, 8, 'Difenhidramina', 90);
INSERT INTO MEDICAMENTO VALUES (10, 1, 10, 'Glucosamina', 120);